{
   "AniSize" : 4.0,
   "Ani_0_0_position_x" : -10.000192642211914,
   "Ani_0_0_position_y" : -56.66583251953125,
   "Ani_0_0_quaternion_w" : 1.0,
   "Ani_0_0_quaternion_x" : 0.0,
   "Ani_0_0_quaternion_y" : 0.0,
   "Ani_0_0_quaternion_z" : 0.0,
   "Ani_0_0_scale_x" : 1.0,
   "Ani_0_0_scale_y" : 1.0,
   "Ani_0_1_position_x" : 0.0,
   "Ani_0_1_position_y" : 0.0,
   "Ani_0_1_quaternion_w" : 1.0,
   "Ani_0_1_quaternion_x" : 0.0,
   "Ani_0_1_quaternion_y" : 0.0,
   "Ani_0_1_quaternion_z" : 0.0,
   "Ani_0_1_scale_x" : 0.79999995231628418,
   "Ani_0_1_scale_y" : 1.8000001907348633,
   "Ani_0_2_position_x" : -33.98468017578125,
   "Ani_0_2_position_y" : -7.1500663757324219,
   "Ani_0_2_quaternion_w" : 0.99922901391983032,
   "Ani_0_2_quaternion_x" : 0.0,
   "Ani_0_2_quaternion_y" : 0.0,
   "Ani_0_2_quaternion_z" : 0.039260566234588623,
   "Ani_0_2_scale_x" : 1.1000000238418579,
   "Ani_0_2_scale_y" : 1.8000001907348633,
   "Ani_0_3_position_x" : 36.663978576660156,
   "Ani_0_3_position_y" : 3.3052546977996826,
   "Ani_0_3_quaternion_w" : 0.99862945079803467,
   "Ani_0_3_quaternion_x" : 0.0,
   "Ani_0_3_quaternion_y" : 0.0,
   "Ani_0_3_quaternion_z" : -0.052336964756250381,
   "Ani_0_3_scale_x" : 1.2000000476837158,
   "Ani_0_3_scale_y" : 1.6000001430511475,
   "Ani_0_4_position_x" : 6.2704854011535645,
   "Ani_0_4_position_y" : 39.849643707275391,
   "Ani_0_4_quaternion_w" : 0.99691718816757202,
   "Ani_0_4_quaternion_x" : 0.0,
   "Ani_0_4_quaternion_y" : 0.0,
   "Ani_0_4_quaternion_z" : 0.07846059650182724,
   "Ani_0_4_scale_x" : 1.0,
   "Ani_0_4_scale_y" : 1.5000001192092896,
   "Ani_0_5_position_x" : 42.672859191894531,
   "Ani_0_5_position_y" : 37.405414581298828,
   "Ani_0_5_quaternion_w" : 0.99862945079803467,
   "Ani_0_5_quaternion_x" : 0.0,
   "Ani_0_5_quaternion_y" : 0.0,
   "Ani_0_5_quaternion_z" : -0.052336964756250381,
   "Ani_0_5_scale_x" : 0.89999997615814209,
   "Ani_0_5_scale_y" : 1.5000001192092896,
   "Ani_1_0_position_x" : -10.000192642211914,
   "Ani_1_0_position_y" : -56.66583251953125,
   "Ani_1_0_quaternion_w" : 1.0,
   "Ani_1_0_quaternion_x" : 0.0,
   "Ani_1_0_quaternion_y" : 0.0,
   "Ani_1_0_quaternion_z" : 0.0,
   "Ani_1_0_scale_x" : 1.0,
   "Ani_1_0_scale_y" : 1.0,
   "Ani_1_1_position_x" : 0.0,
   "Ani_1_1_position_y" : 0.0,
   "Ani_1_1_quaternion_w" : 1.0,
   "Ani_1_1_quaternion_x" : 0.0,
   "Ani_1_1_quaternion_y" : 0.0,
   "Ani_1_1_quaternion_z" : -3.2782551784293901e-07,
   "Ani_1_1_scale_x" : 0.79999995231628418,
   "Ani_1_1_scale_y" : 1.8000001907348633,
   "Ani_1_2_position_x" : -33.98468017578125,
   "Ani_1_2_position_y" : -7.1500663757324219,
   "Ani_1_2_quaternion_w" : 0.98965102434158325,
   "Ani_1_2_quaternion_x" : 0.0,
   "Ani_1_2_quaternion_y" : 0.0,
   "Ani_1_2_quaternion_z" : 0.1434953361749649,
   "Ani_1_2_scale_x" : 1.1000000238418579,
   "Ani_1_2_scale_y" : 1.8000001907348633,
   "Ani_1_3_position_x" : 34.603790283203125,
   "Ani_1_3_position_y" : -3.0352320671081543,
   "Ani_1_3_quaternion_w" : 0.94690227508544922,
   "Ani_1_3_quaternion_x" : 0.0,
   "Ani_1_3_quaternion_y" : 0.0,
   "Ani_1_3_quaternion_z" : -0.32152152061462402,
   "Ani_1_3_scale_x" : 1.2000000476837158,
   "Ani_1_3_scale_y" : 1.6000001430511475,
   "Ani_1_4_position_x" : 6.2704854011535645,
   "Ani_1_4_position_y" : 39.849643707275391,
   "Ani_1_4_quaternion_w" : 0.97236883640289307,
   "Ani_1_4_quaternion_x" : 0.0,
   "Ani_1_4_quaternion_y" : 0.0,
   "Ani_1_4_quaternion_z" : 0.23344980180263519,
   "Ani_1_4_scale_x" : 1.0,
   "Ani_1_4_scale_y" : 1.5000001192092896,
   "Ani_1_5_position_x" : 39.560050964355469,
   "Ani_1_5_position_y" : 24.439847946166992,
   "Ani_1_5_quaternion_w" : 0.99306821823120117,
   "Ani_1_5_quaternion_x" : 0.0,
   "Ani_1_5_quaternion_y" : 0.0,
   "Ani_1_5_quaternion_z" : -0.11753962934017181,
   "Ani_1_5_scale_x" : 0.89999997615814209,
   "Ani_1_5_scale_y" : 1.5000001192092896,
   "Ani_2_0_position_x" : -10.000192642211914,
   "Ani_2_0_position_y" : -56.66583251953125,
   "Ani_2_0_quaternion_w" : 0.99452167749404907,
   "Ani_2_0_quaternion_x" : 0.0,
   "Ani_2_0_quaternion_y" : 0.0,
   "Ani_2_0_quaternion_z" : 0.10453049838542938,
   "Ani_2_0_scale_x" : 1.0,
   "Ani_2_0_scale_y" : 1.0,
   "Ani_2_1_position_x" : 0.0,
   "Ani_2_1_position_y" : 0.0,
   "Ani_2_1_quaternion_w" : 0.99860996007919312,
   "Ani_2_1_quaternion_x" : 0.0,
   "Ani_2_1_quaternion_y" : 0.0,
   "Ani_2_1_quaternion_z" : 0.052708543837070465,
   "Ani_2_1_scale_x" : 0.79999995231628418,
   "Ani_2_1_scale_y" : 1.8000001907348633,
   "Ani_2_2_position_x" : -33.98468017578125,
   "Ani_2_2_position_y" : -7.1500663757324219,
   "Ani_2_2_quaternion_w" : 0.98965102434158325,
   "Ani_2_2_quaternion_x" : 0.0,
   "Ani_2_2_quaternion_y" : 0.0,
   "Ani_2_2_quaternion_z" : 0.14349532127380371,
   "Ani_2_2_scale_x" : 1.1000000238418579,
   "Ani_2_2_scale_y" : 1.8000001907348633,
   "Ani_2_3_position_x" : 34.603790283203125,
   "Ani_2_3_position_y" : -3.0352320671081543,
   "Ani_2_3_quaternion_w" : 0.91875642538070679,
   "Ani_2_3_quaternion_x" : 0.0,
   "Ani_2_3_quaternion_y" : 0.0,
   "Ani_2_3_quaternion_z" : -0.3948248028755188,
   "Ani_2_3_scale_x" : 1.2000000476837158,
   "Ani_2_3_scale_y" : 1.6000001430511475,
   "Ani_2_4_position_x" : 6.7940921783447266,
   "Ani_2_4_position_y" : 29.858222961425781,
   "Ani_2_4_quaternion_w" : 0.99965733289718628,
   "Ani_2_4_quaternion_x" : 0.0,
   "Ani_2_4_quaternion_y" : 0.0,
   "Ani_2_4_quaternion_z" : 0.026175849139690399,
   "Ani_2_4_scale_x" : 1.0,
   "Ani_2_4_scale_y" : 1.5000001192092896,
   "Ani_2_5_position_x" : 39.560050964355469,
   "Ani_2_5_position_y" : 24.439847946166992,
   "Ani_2_5_quaternion_w" : 0.97815066576004028,
   "Ani_2_5_quaternion_x" : 0.0,
   "Ani_2_5_quaternion_y" : 0.0,
   "Ani_2_5_quaternion_z" : -0.20789729058742523,
   "Ani_2_5_scale_x" : 0.89999997615814209,
   "Ani_2_5_scale_y" : 1.5000001192092896,
   "Ani_3_0_position_x" : -1.6226062774658203,
   "Ani_3_0_position_y" : -48.048069000244141,
   "Ani_3_0_quaternion_w" : 0.99580472707748413,
   "Ani_3_0_quaternion_x" : 0.0,
   "Ani_3_0_quaternion_y" : 0.0,
   "Ani_3_0_quaternion_z" : -0.09150339663028717,
   "Ani_3_0_scale_x" : 1.0,
   "Ani_3_0_scale_y" : 1.0,
   "Ani_3_1_position_x" : 0.0,
   "Ani_3_1_position_y" : 0.0,
   "Ani_3_1_quaternion_w" : 0.99860996007919312,
   "Ani_3_1_quaternion_x" : 0.0,
   "Ani_3_1_quaternion_y" : 0.0,
   "Ani_3_1_quaternion_z" : 0.052708536386489868,
   "Ani_3_1_scale_x" : 0.79999995231628418,
   "Ani_3_1_scale_y" : 1.8000001907348633,
   "Ani_3_2_position_x" : -33.98468017578125,
   "Ani_3_2_position_y" : -7.1500663757324219,
   "Ani_3_2_quaternion_w" : 0.93818897008895874,
   "Ani_3_2_quaternion_x" : 0.0,
   "Ani_3_2_quaternion_y" : 0.0,
   "Ani_3_2_quaternion_z" : 0.34612348675727844,
   "Ani_3_2_scale_x" : 1.1000000238418579,
   "Ani_3_2_scale_y" : 1.8000001907348633,
   "Ani_3_3_position_x" : 34.603790283203125,
   "Ani_3_3_position_y" : -3.0352320671081543,
   "Ani_3_3_quaternion_w" : 0.99923217296600342,
   "Ani_3_3_quaternion_x" : 0.0,
   "Ani_3_3_quaternion_y" : 0.0,
   "Ani_3_3_quaternion_z" : 0.039180457592010498,
   "Ani_3_3_scale_x" : 1.2000000476837158,
   "Ani_3_3_scale_y" : 1.6000001430511475,
   "Ani_3_4_position_x" : -0.46798944473266602,
   "Ani_3_4_position_y" : 41.0406494140625,
   "Ani_3_4_quaternion_w" : 0.95881861448287964,
   "Ani_3_4_quaternion_x" : 0.0,
   "Ani_3_4_quaternion_y" : 0.0,
   "Ani_3_4_quaternion_z" : 0.28401914238929749,
   "Ani_3_4_scale_x" : 1.0,
   "Ani_3_4_scale_y" : 1.5000001192092896,
   "Ani_3_5_position_x" : 39.560050964355469,
   "Ani_3_5_position_y" : 24.439847946166992,
   "Ani_3_5_quaternion_w" : 0.99691575765609741,
   "Ani_3_5_quaternion_x" : 0.0,
   "Ani_3_5_quaternion_y" : 0.0,
   "Ani_3_5_quaternion_z" : 0.078479364514350891,
   "Ani_3_5_scale_x" : 0.89999997615814209,
   "Ani_3_5_scale_y" : 1.5000001192092896,
   "Init_0_position_x" : -10.000192642211914,
   "Init_0_position_y" : -56.66583251953125,
   "Init_0_quaternion_w" : 1.0,