{
   "Init_0_position_x" : -10.000185012817383,
   "Init_0_position_y" : -53.332427978515625,
   "Init_0_quaternion_w" : 1.0,
   "Init_0_quaternion_x" : 0.0,
   "Init_0_quaternion_y" : 0.0,
   "Init_0_quaternion_z" : -1.0831239478648058e-06,
   "Init_0_scale_x" : 1.0,
   "Init_0_scale_y" : 1.0,
   "Init_1_position_x" : 0.0,
   "Init_1_position_y" : 0.0,
   "Init_1_quaternion_w" : 1.0,
   "Init_1_quaternion_x" : 0.0,
   "Init_1_quaternion_y" : 0.0,
   "Init_1_quaternion_z" : 0.0,
   "Init_1_scale_x" : 0.79999995231628418,
   "Init_1_scale_y" : 1.7000001668930054,
   "Init_2_position_x" : -26.336727142333984,
   "Init_2_position_y" : -16.798513412475586,
   "Init_2_quaternion_w" : 0.99580484628677368,
   "Init_2_quaternion_x" : 0.0,
   "Init_2_quaternion_y" : 0.0,
   "Init_2_quaternion_z" : 0.091502092778682709,
   "Init_2_scale_x" : 1.0,
   "Init_2_scale_y" : 1.2000000476837158,
   "Init_3_position_x" : 29.264789581298828,
   "Init_3_position_y" : -5.5886921882629395,
   "Init_3_quaternion_w" : 0.99568277597427368,
   "Init_3_quaternion_x" : 0.0,
   "Init_3_quaternion_y" : 0.0,
   "Init_3_quaternion_z" : -0.092821322381496429,
   "Init_3_scale_x" : 0.89999997615814209,
   "Init_3_scale_y" : 1.4000000953674316,
   "Init_4_position_x" : -0.71012115478515625,
   "Init_4_position_y" : 83.21539306640625,
   "Init_4_quaternion_w" : 0.98325425386428833,
   "Init_4_quaternion_x" : 0.0,
   "Init_4_quaternion_y" : 0.0,
   "Init_4_quaternion_z" : 0.18223901093006134,
   "Init_4_scale_x" : 1.1000000238418579,
   "Init_4_scale_y" : 1.4000000953674316,
   "Init_5_position_x" : 39.82867431640625,
   "Init_5_position_y" : 76.930335998535156,
   "Init_5_quaternion_w" : 0.99991428852081299,
   "Init_5_quaternion_x" : 0.0,
   "Init_5_quaternion_y" : 0.0,
   "Init_5_quaternion_z" : -0.013092711567878723,
   "Init_5_scale_x" : 1.0,
   "Init_5_scale_y" : 1.4000000953674316
}
