{
   "Init_0_position_x" : -10.000192642211914,
   "Init_0_position_y" : -56.66583251953125,
   "Init_0_quaternion_w" : 1.0,
   "Init_0_quaternion_x" : 0.0,
   "Init_0_quaternion_y" : 0.0,
   "Init_0_quaternion_z" : 0.0,
   "Init_0_scale_x" : 1.0,
   "Init_0_scale_y" : 1.0,
   "Init_1_position_x" : 0.0,
   "Init_1_position_y" : 0.0,
   "Init_1_quaternion_w" : 1.0,
   "Init_1_quaternion_x" : 0.0,
   "Init_1_quaternion_y" : 0.0,
   "Init_1_quaternion_z" : 0.0,
   "Init_1_scale_x" : 0.79999995231628418,
   "Init_1_scale_y" : 1.8000001907348633,
   "Init_2_position_x" : -33.98468017578125,
   "Init_2_position_y" : -7.1500663757324219,
   "Init_2_quaternion_w" : 0.99922901391983032,
   "Init_2_quaternion_x" : 0.0,
   "Init_2_quaternion_y" : 0.0,
   "Init_2_quaternion_z" : 0.039260558784008026,
   "Init_2_scale_x" : 1.1000000238418579,
   "Init_2_scale_y" : 1.8000001907348633,
   "Init_3_position_x" : 36.663978576660156,
   "Init_3_position_y" : 3.3052546977996826,
   "Init_3_quaternion_w" : 0.99862951040267944,
   "Init_3_quaternion_x" : 0.0,
   "Init_3_quaternion_y" : 0.0,
   "Init_3_quaternion_z" : -0.052336961030960083,
   "Init_3_scale_x" : 1.2000000476837158,
   "Init_3_scale_y" : 1.6000001430511475,
   "Init_4_position_x" : 6.2704854011535645,
   "Init_4_position_y" : 39.849643707275391,
   "Init_4_quaternion_w" : 0.9969172477722168,
   "Init_4_quaternion_x" : 0.0,
   "Init_4_quaternion_y" : 0.0,
   "Init_4_quaternion_z" : 0.07846059650182724,
   "Init_4_scale_x" : 1.0,
   "Init_4_scale_y" : 1.5000001192092896,
   "Init_5_position_x" : 42.672859191894531,
   "Init_5_position_y" : 37.405414581298828,
   "Init_5_quaternion_w" : 0.99862951040267944,
   "Init_5_quaternion_x" : 0.0,
   "Init_5_quaternion_y" : 0.0,
   "Init_5_quaternion_z" : -0.052336961030960083,
   "Init_5_scale_x" : 0.89999997615814209,
   "Init_5_scale_y" : 1.5000001192092896
}
